{
	"class_name" : "PinholeCameraParameters",
	"extrinsic" : 
	[
		-0.44129173685719691,
		0.15448637171068011,
		-0.88396581604563651,
		0.0,
		0.15830777818594755,
		-0.9562175457668165,
		-0.24614356082074354,
		0.0,
		-0.8832894487920635,
		-0.24855978380131374,
		0.39751450731923843,
		0.0,
		16.180861684203027,
		5.3300702304622272,
		24.767571053934525,
		1.0
	],
	"intrinsic" : 
	{
		"height" : 540,
		"intrinsic_matrix" : 
		[
			467.65371804359688,
			0.0,
			0.0,
			0.0,
			467.65371804359688,
			0.0,
			479.5,
			269.5,
			1.0
		],
		"width" : 960
	},
	"version_major" : 1,
	"version_minor" : 0
}